{
    "0.0": {
        "accuracy": 0.0,
        "std": 0.0,
        "avg_trees": NaN,
        "conf. interval": 0.0,
        "upper_bound": 0.0,
        "lower_bound": 0.0
    },
    "0.0010526315789473684": {
        "accuracy": 0.47450000000000003,
        "std": 0.12760681799966644,
        "avg_trees": NaN,
        "conf. interval": 0.11185230762036158,
        "upper_bound": 0.5863523076203616,
        "lower_bound": 0.36264769237963845
    },
    "0.002105263157894737": {
        "accuracy": 0.8535,
        "std": 0.0423851389050455,
        "avg_trees": NaN,
        "conf. interval": 0.037152212316361476,
        "upper_bound": 0.8906522123163615,
        "lower_bound": 0.8163477876836386
    },
    "0.003157894736842105": {
        "accuracy": 0.8825,
        "std": 0.030495901363953797,
        "avg_trees": NaN,
        "conf. interval": 0.026730836126092263,
        "upper_bound": 0.9092308361260922,
        "lower_bound": 0.8557691638739077
    },
    "0.004210526315789474": {
        "accuracy": 0.9095000000000001,
        "std": 0.015280706789936146,
        "avg_trees": NaN,
        "conf. interval": 0.013394130057603608,
        "upper_bound": 0.9228941300576037,
        "lower_bound": 0.8961058699423965
    },
    "0.005263157894736842": {
        "accuracy": 0.9109999999999999,
        "std": 0.012509996003196825,
        "avg_trees": NaN,
        "conf. interval": 0.010965494972868322,
        "upper_bound": 0.9219654949728683,
        "lower_bound": 0.9000345050271316
    },
    "0.00631578947368421": {
        "accuracy": 0.9045,
        "std": 0.02198863342729603,
        "avg_trees": NaN,
        "conf. interval": 0.019273886997697172,
        "upper_bound": 0.9237738869976971,
        "lower_bound": 0.8852261130023028
    },
    "0.007368421052631579": {
        "accuracy": 0.8940000000000001,
        "std": 0.03265731158561586,
        "avg_trees": NaN,
        "conf. interval": 0.028625395717788778,
        "upper_bound": 0.9226253957177889,
        "lower_bound": 0.8653746042822114
    },
    "0.008421052631578947": {
        "accuracy": 0.9030000000000001,
        "std": 0.02293468988235945,
        "avg_trees": NaN,
        "conf. interval": 0.02010314204297429,
        "upper_bound": 0.9231031420429744,
        "lower_bound": 0.8828968579570259
    },
    "0.009473684210526315": {
        "accuracy": 0.914,
        "std": 0.014282856857085711,
        "avg_trees": NaN,
        "conf. interval": 0.012519476027374318,
        "upper_bound": 0.9265194760273744,
        "lower_bound": 0.9014805239726257
    },
    "0.010526315789473684": {
        "accuracy": 0.9164999999999999,
        "std": 0.011467344941179722,
        "avg_trees": NaN,
        "conf. interval": 0.010051571021487142,
        "upper_bound": 0.926551571021487,
        "lower_bound": 0.9064484289785127
    },
    "0.011578947368421053": {
        "accuracy": 0.916,
        "std": 0.012708265027138843,
        "avg_trees": NaN,
        "conf. interval": 0.011139285434892138,
        "upper_bound": 0.9271392854348922,
        "lower_bound": 0.9048607145651079
    },
    "0.01263157894736842": {
        "accuracy": 0.915,
        "std": 0.01284523257866514,
        "avg_trees": NaN,
        "conf. interval": 0.011259342787214546,
        "upper_bound": 0.9262593427872146,
        "lower_bound": 0.9037406572127855
    },
    "0.013684210526315788": {
        "accuracy": 0.9164999999999999,
        "std": 0.011467344941179722,
        "avg_trees": NaN,
        "conf. interval": 0.010051571021487142,
        "upper_bound": 0.926551571021487,
        "lower_bound": 0.9064484289785127
    },
    "0.014736842105263158": {
        "accuracy": 0.915,
        "std": 0.013509256086106291,
        "avg_trees": NaN,
        "conf. interval": 0.011841385054122676,
        "upper_bound": 0.9268413850541227,
        "lower_bound": 0.9031586149458773
    },
    "0.015789473684210527": {
        "accuracy": 0.9155,
        "std": 0.01197914855071095,
        "avg_trees": NaN,
        "conf. interval": 0.010500186665007445,
        "upper_bound": 0.9260001866650074,
        "lower_bound": 0.9049998133349926
    },
    "0.016842105263157894": {
        "accuracy": 0.916,
        "std": 0.011575836902790236,
        "avg_trees": NaN,
        "conf. interval": 0.01014666841874712,
        "upper_bound": 0.9261466684187472,
        "lower_bound": 0.9058533315812529
    },
    "0.017894736842105262": {
        "accuracy": 0.9164999999999999,
        "std": 0.011467344941179722,
        "avg_trees": NaN,
        "conf. interval": 0.010051571021487142,
        "upper_bound": 0.926551571021487,
        "lower_bound": 0.9064484289785127
    },
    "0.01894736842105263": {
        "accuracy": 0.9164999999999999,
        "std": 0.011467344941179722,
        "avg_trees": NaN,
        "conf. interval": 0.010051571021487142,
        "upper_bound": 0.926551571021487,
        "lower_bound": 0.9064484289785127
    },
    "0.02": {
        "accuracy": 0.9164999999999999,
        "std": 0.011467344941179722,
        "avg_trees": NaN,
        "conf. interval": 0.010051571021487142,
        "upper_bound": 0.926551571021487,
        "lower_bound": 0.9064484289785127
    }
}